ayo mana iya gojek,Netral,Netral
salah naro alamat gojek makan,Netral,Netral
verifikasi twitter nomor ganti nomor kcreate kkelock kkhusus kwhatsapp kgojek kshopee kgrab ktelegram kline kmastip april bca mandiri dana gopay ovo linkaja shopeepay amp qris direct message,Positif,Positif
murah murah karna yups karna traktir gofood gojek my luph thankyou karna sejahtera iphone jajan receh gas sulit kejar cepetangofood,Positif,Positif
murah murah karna yups karna traktir gofood gojek my luph thankyou karna sejahtera iphone jajan receh gas sulit kejar cepetangofood,Positif,Positif
gojek,Netral,Netral
murah murah karna yups karna traktir gofood gojek my luph thankyou karna sejahtera iphone jajan receh gas sulit kejar cepetangofood,Positif,Positif
gabisa bawa motor gojek,Netral,Netral
win pesan nasi uduk gojek,Positif,Netral
pengaruh diskon go food perilaku konsumtif mahasiswa universitas studi kuantitatif responden ambil guna gojek kali transaksi diskon gofood kali transaksi diskon hasil temu,Netral,Netral
murah murah karna yups karna traktir gofood gojek my luph thankyou karna sejahtera iphone jajan receh gas sulit kejar cepetangofood,Positif,Positif
unduh gojek,Netral,Netral
murah murah karna yups karna traktir gofood gojek my luph thankyou karna sejahtera iphone jajan receh bsiapa wangi akun cepetangofood,Positif,Positif
murah murah karna yups karna traktir gofood gojek my luph thankyou karna sejahtera iphone jajan receh bsiapa wangi akun cepetangofood,Positif,Positif
jalan langgan higienis gojek siap goride gocar protect makassar nusakini,Positif,Netral
murah murah karna yups karna traktir gofood gojek my luph thankyou karna sejahtera iphone jajan receh gas sulit kejar cepetangofood,Positif,Positif
ken ajar tatap muka mbok gitu lohhh males anjir jam sekolah sayang duit bayar gojek,Positif,Netral
harap,Netral,Netral
murah murah karna yups karna traktir gofood gojek my luph thankyou karna sejahtera iphone jajan receh bsiapa wangi akun cepetangofood,Positif,Positif
bos taxi negri jiran hina gojek rakyat indonesia gojek jek masuk negara takut bangkrut bos gitu geger bos rejeki tang tuhan tangan gojek gojekgointernasinal indonesiabangkit indonesiamacanasaia indonesiamaju,Netral,Netral
scroll down grab gojek,Negatif,Netral
murah murah karna yups karna traktir gofood gojek my luph thankyou karna sejahtera iphone jajan receh gas sulit kejar cepetangofood,Positif,Positif
hufff pakai aplikasi gojek bulan nomer daftar nama orang laen,Negatif,Netral
bear bobba lowokwaru disc shopee food grabfood gofoodboba brown sugar estehmalang mojitomalang grab gojek shopee bts,Netral,Netral
murah murah karna yups karna traktir gofood gojek my luph thankyou karna sejahtera iphone jajan receh bsiapa wangi akun cepetangofood,Positif,Positif
murah murah karna yups karna traktir gofood gojek my luph thankyou karna sejahtera iphone jajan receh gas sulit kejar cepetangofood,Positif,Positif
butuh voucher voucher goride gojek siang uang,Netral,Netral
byk teman kena gojek krn ganti nomer ganti nomernya krn paksa krn dipake gerai hangus ganti iya ganti nomer dipake orang teman gojek,Negatif,Netral
want to sell voucher voucher gojek goride diskon maks domisili biaya bayar direct message iya uang jajan,Positif,Netral
gojek gojek cepetan plis jam kelas laper banget,Netral,Netral
grab account iya tinggal tunggu janji manis shopee gojek,Positif,Netral
makan belanja pakai gojek dikirimin keluarga makan awet telor asin ikan kering amang gojek amang paket suruh taruh pintu barang,Negatif,Netral
reedem kode gojek aplikasi gojek amp voucher gopay offline dipake dijadiin saldo iya biaya ayo uang jajan zonacuan,Netral,Netral
murah murah karna yups karna traktir gofood gojek my luph thankyou karna sejahtera iphone jajan receh bsiapa wangi akun cepetangofood,Positif,Positif
mon maap aplikasi anak bangsa ongkirnya malak bye gojek,Netral,Netral
rb gojek berangkat rb sisa rb pulang angkot kali rb sisa jajan kantin,Netral,Netral
gaboleh simpan kontak laki kecuali family main diintilin ditelponin mulu suruh pulang gaboleh ketemen banding gaboleh unduh grab gojek cont,Positif,Netral
want to buy renjun gojek,Netral,Netral
murah murah karna yups karna traktir gofood gojek my luph thankyou karna sejahtera iphone jajan receh gas sulit kejar cepetangofood,Positif,Positif
yaudah gojek motor stay kinclong,Netral,Positif
murah murah karna yups karna traktir gofood gojek my luph thankyou karna sejahtera iphone jajan receh bsiapa wangi akun cepetangofood,Positif,Positif
murah murah karna yups karna traktir gofood gojek my luph thankyou karna sejahtera iphone jajan receh bsiapa wangi akun cepetangofood,Positif,Positif
murah murah karna yups karna traktir gofood gojek my luph thankyou karna sejahtera iphone jajan receh bsiapa wangi akun cepetangofood,Positif,Positif
voucher promo gojek goride gocar order via direct message yafee gantung promo pilih potong sold bayar via ovo gopay shopeepay dana bank uang,Positif,Positif
murah murah karna yups karna traktir gofood gojek my luph thankyou karna sejahtera iphone jajan receh bsiapa wangi akun cepetangofood,Positif,Positif
barusan kesasar situ gtw mana ikutin gojek nyampe situ,Netral,Negatif
iya allah jaman gada gojek kelas bbm ongkos angkot uang jajan,Netral,Netral
murah murah karna yups karna traktir gofood gojek my luph thankyou karna sejahtera iphone jajan receh bsiapa wangi akun cepetangofood,Positif,Positif
soleh jadi pakai kartu pakai xl unduh gojek grab masukin nomor link iya ganti kartu aplikasi sempet hapus akun grab sampah cloud,Netral,Netral
mauu curriculum vitae shopeepay premium dana habis gojek non premium dana uang,Netral,Positif
gojek promo pesan ken sekolah siang huhuhu uang transfer pakai bca,Netral,Netral
murah murah karna yups karna traktir gofood gojek my luph thankyou karna sejahtera iphone jajan receh gas sulit kejar cepetangofood,Positif,Positif
pesan makan akun grab tangguh pakai shopee food gojek susah jebul nek neng ndeso,Netral,Netral
jarang pakai parfum sekali kado isi parfum wkwkjd nyoba parfum pagi ampe awet wangi habis gojek jam,Positif,Netral
soleh jadi teman ngecht orang telegram nomer aktif bikin telegram daftar gojek isi email orang,Negatif,Negatif
murah murah karna yups karna traktir gofood gojek my luph thankyou karna sejahtera iphone jajan receh gas sulit kejar cepetangofood,Positif,Positif
seinget nemu rb an lbr gojek gojek cerita nemu kyk gitu orang ngasi sial allahualam uang kasi orang butuh moga berkah,Netral,Netral
murah murah karna yups karna traktir gofood gojek my luph thankyou karna sejahtera iphone jajan receh gas sulit kejar cepetangofood,Positif,Positif
murah murah karna yups karna traktir gofood gojek my luph thankyou karna sejahtera iphone jajan receh gas sulit kejar cepetangofood,Positif,Positif
want to sell voucher gopay voucher gojek,Netral,Netral
gojek iya ngmg sautin ngmg,Netral,Netral
gojek gang ju barusan pesan,Netral,Netral
murah murah karna yups karna traktir gofood gojek my luph thankyou karna sejahtera iphone jajan receh bsiapa wangi akun cepetangofood,Positif,Positif
murah murah karna yups karna traktir gofood gojek my luph thankyou karna sejahtera iphone jajan receh bsiapa wangi akun cepetangofood,Positif,Positif
gojek dipake iya hmmm,Netral,Netral
rb gojek rebu pulang jalan angkot ribu sisa ribu jajan uang kas infak bawa bekel,Netral,Netral
murah murah karna yups karna traktir gofood gojek my luph thankyou karna sejahtera iphone jajan receh gas sulit kejar cepetangofood,Positif,Positif
murah murah karna yups karna traktir gofood gojek my luph thankyou karna sejahtera iphone jajan receh gas sulit kejar cepetangofood,Positif,Positif
bahagia voucher gojek murah,Positif,Netral
kenyang masak gofood gojek hiduptanpabatas tomohon hiduptanpabatas gojektomohon,Positif,Positif
pakai voucher gokana gojek,Netral,Netral
want to sell voucher gojek jabodetabek gocar goride gosend gofood goride gocar,Netral,Netral
gojek,Netral,Netral
alhamdulillah poe ayeuna gojek ker mending mere order teh cing saterus na we jek kieu teh,Netral,Netral
gojek grab lawak,Netral,Netral
murah murah karna yups karna traktir gofood gojek my luph thankyou karna sejahtera iphone jajan receh gas sulit kejar cepetangofood,Positif,Positif
yyy diskon gojek grab jarang gratong msi kadang sepenuh gtuu,Positif,Netral
murah murah karna yups karna traktir gofood gojek my luph thankyou karna sejahtera iphone jajan receh gas sulit kejar cepetangofood,Positif,Positif
gojek eror ni order,Netral,Netral
pesan pakai grab drivernya deh beda banget gojek menit jalan jalan bikin telat drivernya bilang gamau telat bawa motor yeu,Negatif,Netral
gojek korban,Netral,Netral
murah murah karna yups karna traktir gofood gojek my luph thankyou karna sejahtera iphone jajan receh gas sulit kejar cepetangofood,Positif,Positif
murah murah karna yups karna traktir gofood gojek my luph thankyou karna sejahtera iphone jajan receh gas sulit kejar cepetangofood,Positif,Positif
murah murah karna yups karna traktir gofood gojek my luph thankyou karna sejahtera iphone jajan receh gas sulit kejar cepetangofood,Positif,Positif
kasihan gojek beli fore margo,Negatif,Netral
otw gojek,Netral,Netral
gojek,Netral,Netral
hii habis klaim promo gojek gojek tukerin voucher saldo loh ayo mari wa buka uang,Netral,Netral
ind anda ikea gampang pesan pakai gojek butuh ikea samla lt tutup pakai reguler takut pecah,Positif,Netral
motor mogok pesan,Netral,Netral
ooo belanja gratis iya saldo gratis gojek belanja gratis kasi cb nice informasi thx,Positif,Netral
otw daftar gojek cabang metaverse,Netral,Netral
minggu luar uang makan bensin paket datakuliah paket data gojek gantung sikon jemput iya selamat uang jajan hahahahahaha,Positif,Netral
iya gojek pick up,Netral,Netral
sayang kendala carolin alami perihal kendala saran konfirmasi gojek iya tks anin,Positif,Netral
murah murah karna yups karna traktir gofood gojek my luph thankyou karna sejahtera iphone jajan receh gas sulit kejar cepetangofood,Positif,Positif
takoooodddd gojek pulang njir ongkos pp,Netral,Netral
boros banget bolak pulang supermarket gojek rb bawa motor bensin rb minggu,Positif,Netral
ayo tunjuk darimana pacar kenal sender gojek driver ambil pesan inget kenal suka ngakak,Netral,Netral
gojek axa,Netral,Netral
murah murah karna yups karna traktir gofood gojek my luph thankyou karna sejahtera iphone jajan receh bsiapa wangi akun cepetangofood,Positif,Positif
gojek jauh pakai pos kawasan industri,Netral,Netral
renjun gojek mahal deng,Netral,Netral
murah murah karna yups karna traktir gofood gojek my luph thankyou karna sejahtera iphone jajan receh bsiapa wangi akun cepetangofood,Positif,Positif
iya indo grabfood gojek shopee food soto deliv sayang samep korea,Netral,Netral
berangkat pakai gojek,Netral,Netral
murah murah karna yups karna traktir gofood gojek my luph thankyou karna sejahtera iphone jajan receh bsiapa wangi akun cepetangofood,Positif,Positif
rb kadang bawa bekel makan include uang transportasi busway pakai kartu pakai manual grab gojek opank halte rumah ribu ngejar promo promo pakai ongkos sekolah halte sekolah angkot nebeng,Positif,Netral
tips aman hindar tipu nama gojek gofood konsisten bekal mitr,Positif,Positif
hai kak mohon maaf maksimal limit transaksi gopay rp sesuai tentu iya lengkap cek terima kasih jhn,Negatif,Negatif
kekeke gojek sep,Netral,Netral
want to sell ready ina tag want to sell ready ina photocard exo kai baekhyun bunny chen gojek do empathy,Positif,Netral
murah murah karna yups karna traktir gofood gojek my luph thankyou karna sejahtera iphone jajan receh gas sulit kejar cepetangofood,Positif,Positif
hy shea gojek sedank ap,Netral,Netral
la pulang pakai gojek,Netral,Netral
murah murah karna yups karna traktir gofood gojek my luph thankyou karna sejahtera iphone jajan receh gas sulit kejar cepetangofood,Positif,Positif
kak inget gojek ganti nmr tinggal ovo pakai ovo ttp pikir next time makasih informasi kaa,Positif,Netral
order gojek guduk akun ndek ngarep dee siang banget sopifut moro onok telepon wa ambek moro bedeken rur sopo haaaah padal iku guduk akun sis bocah prik pakai banget,Positif,Positif
rb gojek nombokin pakai tabung,Netral,Netral
murah murah karna yups karna traktir gofood gojek my luph thankyou karna sejahtera iphone jajan receh gas sulit kejar cepetangofood,Positif,Positif
ken lontong sayur padang order via gojek restonya tutup,Netral,Netral
verifikasi twitter nomor ganti nomor kcreate kkelock kkhusus kwhatsapp kgojek kshopee kgrab ktelegram kline kmastip april bca mandiri dana gopay ovo linkaja shopeepay amp qris direct message,Positif,Positif
mitra driver gojek latih bantu hidup dasar rumah sakit unhas,Netral,Netral
gojek musuh akun gapernah voucher,Netral,Netral
work dapat gojek grab gitu lumayan hari ken nyoba by way cewe,Positif,Netral
murah murah karna yups karna traktir gofood gojek my luph thankyou karna sejahtera iphone jajan receh bsiapa wangi akun cepetangofood,Positif,Positif
hii habis klaim promo gojek gojek tukerin voucher saldo loh ayo mari wa buka uang,Netral,Netral
butuh voucher goride grab bike jam nantit want to buy voucher gojek grab uang,Netral,Netral
gojek lwn acil naskun bekesahan ulun meantar pesan orang lho umpat betakun ulun urang parak situ mana rumah agnes kdada tahu tedapat hanyar tahu nama asli sidin jannah overheardwarung,Negatif,Netral
murah murah karna yups karna traktir gofood gojek my luph thankyou karna sejahtera iphone jajan receh gas sulit kejar cepetangofood,Positif,Positif
cek gojek bnyk diskon,Netral,Netral
voucher gojek grab bike gaaa domisili jogja,Netral,Netral
yuhuuu kode dipake cuz lgs dimasukkin gojek gocar goride voucherdiskon,Netral,Netral
reedem kode gojek aplikasi gojek amp voucher gopay offline dipake dijadiin saldo iya biaya ayo uang jajan zonacuan,Netral,Netral
want to sell voucher gojek gosend biaya uang jajan,Netral,Netral
jus apel air seni,Netral,Netral
murah murah karna yups karna traktir gofood gojek my luph thankyou karna sejahtera iphone jajan receh gas sulit kejar cepetangofood,Positif,Positif
gojek bekal mitra jas hujan hadir nyaman aman langgan,Positif,Positif
murah murah karna yups karna traktir gofood gojek my luph thankyou karna sejahtera iphone jajan receh bsiapa wangi akun cepetangofood,Positif,Positif
murah murah karna yups karna traktir gofood gojek my luph thankyou karna sejahtera iphone jajan receh gas sulit kejar cepetangofood,Positif,Positif
kode promo gojek gojekinajapunya voucher goride gopay,Netral,Netral
transport hari kyk gojek gitu habis an iya,Netral,Netral
pakai tokopedia trastid belah log dilink gojek member platinum sayang membership dicancel jajan desember beli pakai duit segitu by way,Netral,Netral
giat kunjung bhabinkamtibmas kel cipinang muara sumarwanta sambang komunitas gojek jl cip elok himbauan jaga prokes lingkung,Netral,Netral
murah murah karna yups karna traktir gofood gojek my luph thankyou karna sejahtera iphone jajan receh gas sulit kejar cepetangofood,Positif,Positif
murah murah karna yups karna traktir gofood gojek my luph thankyou karna sejahtera iphone jajan receh bsiapa wangi akun cepetangofood,Positif,Positif
halodoc bawah naung gojek goto,Negatif,Netral
murah murah karna yups karna traktir gofood gojek my luph thankyou karna sejahtera iphone jajan receh bsiapa wangi akun cepetangofood,Positif,Positif
gojek deh,Netral,Netral
gojek depok bilang drivernya masuk angin gojek ujung ujung,Netral,Netral
murah murah karna yups karna traktir gofood gojek my luph thankyou karna sejahtera iphone jajan receh bsiapa wangi akun cepetangofood,Positif,Positif
murah murah karna yups karna traktir gofood gojek my luph thankyou karna sejahtera iphone jajan receh gas sulit kejar cepetangofood,Positif,Positif
ksksskksks iya allah pulang gojek kota lt,Netral,Netral
spearb galucu serius rapat disamperin mang gojek,Negatif,Netral
murah murah karna yups karna traktir gofood gojek my luph thankyou karna sejahtera iphone jajan receh gas sulit kejar cepetangofood,Positif,Positif
ngecek gojek kota iya,Netral,Netral
kasihan gojek keujanan kasihan perut kelaperan haha,Positif,Positif
makan masak gofood unduh gojek nikmat hiduptanpabatas gojektomohon,Netral,Netral
gojek lek kadung promo omah nang kerjoan iso mek ewu,Netral,Netral
murah murah karna yups karna traktir gofood gojek my luph thankyou karna sejahtera iphone jajan receh bsiapa wangi akun cepetangofood,Positif,Positif
murah murah karna yups karna traktir gofood gojek my luph thankyou karna sejahtera iphone jajan receh gas sulit kejar cepetangofood,Positif,Positif
brand brand lokal gojek sonic brand asing sound karna suka iklan iklan gojek,Positif,Netral
hai kak findaya partner gojek tangan gopaylater kakak nonaktif gopaylater ayo follow akses direct message buka info nomor telepon alamat email kakak direct message iya tks jej,Netral,Positif
keren banget keliling jakarta kereta busway gojek busway patas henti nanya mulu ky orang sesat bneran sesat,Positif,Netral
admin hapus akun gojek daftar gopay plus gopaylater akun gopay paylater nonaktif,Netral,Netral
murah murah karna yups karna traktir gofood gojek my luph thankyou karna sejahtera iphone jajan receh gas sulit kejar cepetangofood,Positif,Positif
ambek saiki antrine saing karo gojek saaken gojek,Netral,Netral
iya awoooh kancax ngopiku driver gojek shopee food kabeh dudu cah sinau nan koyo neng yogya infone mung rega pangan diskon uenak thok,Netral,Netral
bisa pesan makan gojek salah alamat brodi,Negatif,Netral
nyesel banget milih kuliah susah banget nyari transportasi keder gojek pp bgstttttttt,Negatif,Positif
want to sell voucher vouch voucher gojek goride gocar domisili bandung only,Netral,Netral
gojek bincang drivernya kali males ngomong diem luk pegang,Netral,Netral
lapaaarrrrdikos kadeda apagojek kadada jam kainimenangis ujung ujung,Positif,Netral
nyolong nyolong uang taksi wakakaka gojek xixi nabung,Netral,Netral
inget lulus kuliah tabung juta idup tabung interview mana angkot kenal gojek uang sisa ribu terima kerja,Netral,Netral
murah murah karna yups karna traktir gofood gojek my luph thankyou karna sejahtera iphone jajan receh bsiapa wangi akun cepetangofood,Positif,Positif
murah murah karna yups karna traktir gofood gojek my luph thankyou karna sejahtera iphone jajan receh bsiapa wangi akun cepetangofood,Positif,Positif
gojek teman,Netral,Netral
murah murah karna yups karna traktir gofood gojek my luph thankyou karna sejahtera iphone jajan receh bsiapa wangi akun cepetangofood,Positif,Positif
murah murah karna yups karna traktir gofood gojek my luph thankyou karna sejahtera iphone jajan receh gas sulit kejar cepetangofood,Positif,Positif
murah murah karna yups karna traktir gofood gojek my luph thankyou karna sejahtera iphone jajan receh bsiapa wangi akun cepetangofood,Positif,Positif
gojek iya enak,Positif,Positif
caturangga awi icha nasi bebek meja makan iya thai tea beli gojek pakai handphone,Negatif,Netral
oh ubah gojek,Netral,Netral
iya coba tuker minggu taekwondo libur sabtu lab jadwal tabrak taekwondo bantu emak jual gojek taekwondo cidera kaki gabisa jalan lha bengkak lha pikir enak,Positif,Netral
murah murah karna yups karna traktir gofood gojek my luph thankyou karna sejahtera iphone jajan receh bsiapa wangi akun cepetangofood,Positif,Positif
gojek,Netral,Netral
iya habis wendy gojek,Netral,Netral
jual dettol antiseptic harga rp dapat shopee shopee,Netral,Netral
vocer gojek pakai jual vocernya coba masukin kode gojek uang,Netral,Netral
soleh anjirr barusan beli nomer apply ovo gojek grab tokopedia akun aktif kacauu kacauu,Negatif,Netral
murah murah karna yups karna traktir gofood gojek my luph thankyou karna sejahtera iphone jajan receh bsiapa wangi akun cepetangofood,Positif,Positif
hi verifikasi ayo isat aktif fresh iya aktif lho slotnya batas iya verifikasi gojek telegram whatsapp ayo langsung direct message wa kesini,Negatif,Negatif
iya mana garepot duit malem pulang gaminta jemput gojek poko gabutuh pasang nanggung bahagia sedih curhat ngomong tembok,Positif,Netral
want to sell voucher gojek gocar goride,Netral,Netral
gojek turun helm lepas lupa kembali langsung bayar tarif gojek harga datang pulang ok bos,Positif,Netral
pilih pesan gojek,Netral,Netral
murah murah karna yups karna traktir gofood gojek my luph thankyou karna sejahtera iphone jajan receh gas sulit kejar cepetangofood,Positif,Positif
omg same sambungin gojek cashback rb lumayan,Positif,Netral
moga save nomor gojek chat wa,Netral,Netral
gopay disatuim gojek shopee food aplikasi shopee,Netral,Netral
jangkau gojek diem,Netral,Netral
want to sell voucher gojek gocar avail xbisa domisili uang,Netral,Netral
jasa bantu benerin akun gojek uang,Netral,Netral
murah murah karna yups karna traktir gofood gojek my luph thankyou karna sejahtera iphone jajan receh bsiapa wangi akun cepetangofood,Positif,Positif
murah murah karna yups karna traktir gofood gojek my luph thankyou karna sejahtera iphone jajan receh gas sulit kejar cepetangofood,Positif,Positif
pakai aplikasi dib shopee tokoed gojek grab uda pedulilindunginya scan,Netral,Netral
boros gojek,Netral,Netral
murah murah karna yups karna traktir gofood gojek my luph thankyou karna sejahtera iphone jajan receh bsiapa wangi akun cepetangofood,Positif,Positif
mitra driver gojek latih bantu hidup dasar rumah sakit unhas ewako mantap jiwa ji latih bantu,Netral,Negatif
murah murah karna yups karna traktir gofood gojek my luph thankyou karna sejahtera iphone jajan receh bsiapa wangi akun cepetangofood,Positif,Positif
gojek,Netral,Netral
murah murah karna yups karna traktir gofood gojek my luph thankyou karna sejahtera iphone jajan receh bsiapa wangi akun cepetangofood,Positif,Positif
ini cair ayo kyg coba claim gojek aplikasi gojek kaliann uang jajan,Netral,Netral
musuh gojek marah puji akun wangi langsung ngambek gamau keapply diskon sbr sbr cok,Negatif,Negatif
fess grab gojek beli buah,Netral,Netral
sikap amira erti ratu teman gabisa pakai gojek arga panik banget teman iya biarpun teman pergi ninggalin cewe pamit cewe pulang iya bangsat,Netral,Netral
waduhhhhh dendeman bangrt hendo gitu wkwkwkwkakkw gojek dsri italy liverpool encokk loh mba mell,Netral,Netral
gojek kesana,Netral,Netral
want to sell voucher gojek kecuali cashback uang,Netral,Netral
murah murah karna yups karna traktir gofood gojek my luph thankyou karna sejahtera iphone jajan receh gas sulit kejar cepetangofood,Positif,Positif
tunggu promo gojek beli,Netral,Netral
kemarin pulang gojek kemang tangsel gojek banget jalan cerita banget ntah hidup bejat laki perempuan pola pikir banget pola pikir papa hu bincang bokap sndr,Positif,Positif
tolong gojek,Netral,Netral
gojek na,Positif,Netral
murah murah karna yups karna traktir gofood gojek my luph thankyou karna sejahtera iphone jajan receh bsiapa wangi akun cepetangofood,Positif,Positif
gojek pagi ngantre sarap pesan langgan sarap dedikasi,Netral,Netral
mauu cerita cerita les jam pesan gojek driver banget situ mood banget jam driver nyampe huftttt trss yaudah jalan tengah jalan ujan,Positif,Netral
gantung tempat saran kesana lihat menu gojek grab poin ignya,Netral,Netral
kayoon krg ngerti cmn os isa by kurir dee dw grab gojek gitu,Netral,Netral
murah murah karna yups karna traktir gofood gojek my luph thankyou karna sejahtera iphone jajan receh bsiapa wangi akun cepetangofood,Positif,Positif
jang iya allah wendy part time worker gojek,Netral,Netral
rumah amp sekolah jaksel otomatis biaya hidup mayan mahal makan kantin gojek sisa tabung disimpen kuliner minggu,Negatif,Netral
murah murah karna yups karna traktir gofood gojek my luph thankyou karna sejahtera iphone jajan receh bsiapa wangi akun cepetangofood,Positif,Positif
gojek,Netral,Netral
soleh pm auto reject sistem gojek,Netral,Netral
murah murah karna yups karna traktir gofood gojek my luph thankyou karna sejahtera iphone jajan receh gas sulit kejar cepetangofood,Positif,Positif
murah murah karna yups karna traktir gofood gojek my luph thankyou karna sejahtera iphone jajan receh gas sulit kejar cepetangofood,Positif,Positif
askrl gojek byk vc diskon kemarin karna kendala pakai karna iya akun bau,Negatif,Netral
beda unifresh iya,Netral,Netral
murah murah karna yups karna traktir gofood gojek my luph thankyou karna sejahtera iphone jajan receh bsiapa wangi akun cepetangofood,Positif,Positif
murah murah karna yups karna traktir gofood gojek my luph thankyou karna sejahtera iphone jajan receh gas sulit kejar cepetangofood,Positif,Positif
gojek pelit promo entar deh coba maaciw,Netral,Netral
hrus bayar gojek jajan iya angkot gojek pokok tekor ongos banget rumah,Netral,Netral
biasa scroll gojek jam,Negatif,Netral
kasih tip driver gojek belanja tokopedia gosend,Positif,Netral
jadi kemarin nomor handphone recycle bikin akun gojek akun nama akun orang,Netral,Netral
ya allah capek banget driver gojek gofood,Negatif,Positif
gojek grab mba harga asa pacarlu tolong ldr nanya aneh banget,Negatif,Netral
banget inget daftar akun gojek daftar,Positif,Positif
waah ane sumpahin ijabah qobul ceo gojek gantiin kevin,Netral,Netral
murah murah karna yups karna traktir gofood gojek my luph thankyou karna sejahtera iphone jajan receh gas sulit kejar cepetangofood,Positif,Positif
kangen gojek kampus kantor kangen kuliah kangen mikir lulus rasa tingkat,Netral,Negatif
just now voucher goride gofoodnya sold iya harap,Netral,Netral
voucher gojek domisili jakarta uang,Netral,Netral
video gojek,Netral,Netral
laper ween gojek mahal mahal isi,Netral,Negatif
jafar kakak desta pesan gojek grab,Netral,Netral
rb gojek kadang ovo gopay isiin hehe,Netral,Netral
lemes batuk pilek makan gojek emak emak milenial males masak,Netral,Netral
murah murah karna yups karna traktir gofood gojek my luph thankyou karna sejahtera iphone jajan receh bsiapa wangi akun cepetangofood,Positif,Positif
murah murah karna yups karna traktir gofood gojek my luph thankyou karna sejahtera iphone jajan receh gas sulit kejar cepetangofood,Positif,Positif
coba desain gojek versi smart watch ngeluarin handphone,Positif,Netral
ken grup coret kk,Netral,Negatif
bisa uang cash pesan gojek pakai gopay bayar,Netral,Netral
serasa sun go kong baca mantra guru pakai simpai emas jam pagi nggak kuat pesan halo doc gojek beli panadol extra apotik lumayan,Positif,Netral
adegan wanda maximoff asep westview,Netral,Netral
murah murah karna yups karna traktir gofood gojek my luph thankyou karna sejahtera iphone jajan receh gas sulit kejar cepetangofood,Positif,Positif
murah murah karna yups karna traktir gofood gojek my luph thankyou karna sejahtera iphone jajan receh bsiapa wangi akun cepetangofood,Positif,Positif
banget coba daftar gojek pakai nomor pakai tahun daftar ngedaftar pakai nomor iya akun gojek pakai,Positif,Netral
gojek kenal keluarga rumah bareng cowomu gtu,Netral,Netral
murah murah karna yups karna traktir gofood gojek my luph thankyou karna sejahtera iphone jajan receh bsiapa wangi akun cepetangofood,Positif,Positif
chat telpon mama cerita teh asa ken xxxx kaya enak langsung pesan gojek ambil rmh beli dibikinin iya nyeletuk kode,Positif,Positif
murah murah karna yups karna traktir gofood gojek my luph thankyou karna sejahtera iphone jajan receh gas sulit kejar cepetangofood,Positif,Positif
murah murah karna yups karna traktir gofood gojek my luph thankyou karna sejahtera iphone jajan receh bsiapa wangi akun cepetangofood,Positif,Positif
murah murah karna yups karna traktir gofood gojek my luph thankyou karna sejahtera iphone jajan receh gas sulit kejar cepetangofood,Positif,Positif
pulang pake gojek,Netral,Netral
ente tunggu gojek seremony ganti ceo gojek ente calo,Netral,Netral
iya lagih kosan nungguin orang boker mending pulang gojek poor sissy,Negatif,Netral
murah murah karna yups karna traktir gofood gojek my luph thankyou karna sejahtera iphone jajan receh gas sulit kejar cepetangofood,Positif,Positif
murah murah karna yups karna traktir gofood gojek my luph thankyou karna sejahtera iphone jajan receh gas sulit kejar cepetangofood,Positif,Positif
zer iya angkot jalan enak gojek grab jalan kaki jauuuhhh angkot ngerjain tugas rumah motor rumah teman dianterin malam,Netral,Netral
